Timestamp,Current average,THD 1,THD2,THD3
2021-01-11 00:00:27;46;27;38;28
2021-01-11 00:00:52;44;29;38;27
2021-01-11 00:01:12;42;27;36;28
2021-01-11 00:01:50;41;27;37;28
2021-01-11 00:02:23;41;27;37;28
2021-01-11 00:02:50;44;30;26;29
2021-01-11 00:03:25;44;31;37;28
2021-01-11 00:03:50;61;23;20;17
2021-01-11 00:04:45;64;23;25;17
2021-01-11 00:05:01;64;23;24;17
2021-01-11 00:05:23;55;19;16;17
2021-01-11 00:05:46;65;21;26;21
2021-01-11 00:06:17;65;21;26;21
2021-01-11 00:06:32;65;19;25;20
2021-01-11 00:06:58;65;19;25;20
2021-01-11 00:07:23;65;20;25;19
2021-01-11 00:07:46;65;20;27;20
2021-01-11 00:08:22;65;20;27;20
2021-01-11 00:08:34;68;18;26;18
2021-01-11 00:09:29;68;18;26;18
2021-01-11 00:09:49;68;24;26;25
2021-01-11 00:10:20;68;24;26;25
2021-01-11 00:10:30;44;27;40;28
2021-01-11 00:11:04;46;30;40;29
2021-01-11 00:11:45;46;34;39;27
2021-01-11 00:12:22;46;34;39;27
2021-01-11 00:12:39;43;28;39;30
2021-01-11 00:13:09;45;28;39;33
2021-01-11 00:13:40;45;28;39;33
2021-01-11 00:14:18;45;28;39;33
2021-01-11 00:14:56;45;28;39;33
2021-01-11 00:15:25;45;35;39;28
2021-01-11 00:15:49;40;30;39;29
2021-01-11 00:16:24;40;30;39;29
2021-01-11 00:16:42;44;31;39;27
2021-01-11 00:17:04;44;31;39;27
2021-01-11 00:17:51;43;30;38;28
2021-01-11 00:18:38;46;32;37;30
2021-01-11 00:19:09;60;32;37;30
2021-01-11 00:19:33;66;20;26;20
2021-01-11 00:19:55;66;20;26;21
2021-01-11 00:20:24;66;19;26;21
2021-01-11 00:20:38;66;20;26;22
2021-01-11 00:21:11;70;20;25;22
2021-01-11 00:21:20;67;19;26;20
2021-01-11 00:21:54;67;19;26;20
2021-01-11 00:22:20;66;19;26;20
2021-01-11 00:22:41;68;22;26;19
2021-01-11 00:23:19;67;21;21;20
2021-01-11 00:23:56;67;21;21;20
2021-01-11 00:24:16;66;20;26;20
2021-01-11 00:24:37;66;20;26;19
2021-01-11 00:25:15;66;20;26;19
2021-01-11 00:25:30;52;24;38;25
2021-01-11 00:25:52;52;24;38;25
2021-01-11 00:26:21;52;24;38;25
2021-01-11 00:26:37;45;34;37;30
2021-01-11 00:27:05;41;25;38;28
2021-01-11 00:27:40;48;30;39;23
2021-01-11 00:27:57;48;30;39;23
2021-01-11 00:28:18;48;30;39;30
2021-01-11 00:28:46;44;27;39;36
2021-01-11 00:29:01;47;30;39;29
2021-01-11 00:29:24;45;30;27;29
2021-01-11 00:29:47;43;28;38;28
2021-01-11 00:30:29;45;28;38;26
2021-01-11 00:31:11;45;28;38;26
2021-01-11 00:31:22;51;27;39;35
2021-01-11 00:31:51;51;27;39;35
2021-01-11 00:32:17;46;31;39;35
2021-01-11 00:32:33;45;31;39;30
2021-01-11 00:33:03;46;29;39;30
2021-01-11 00:33:21;46;30;39;32
2021-01-11 00:34:08;46;27;39;29
2021-01-11 00:34:45;66;20;27;21
2021-01-11 00:35:06;66;20;27;21
2021-01-11 00:35:28;65;19;26;20
2021-01-11 00:35:54;65;20;26;20
2021-01-11 00:36:04;66;19;26;19
2021-01-11 00:36:23;67;21;26;21
2021-01-11 00:36:44;66;20;21;20
2021-01-11 00:37:19;66;20;21;20
2021-01-11 00:37:28;64;21;27;21
2021-01-11 00:37:58;66;21;27;20
2021-01-11 00:38:10;70;20;21;22
2021-01-11 00:38:39;70;20;21;22
2021-01-11 00:39:09;64;20;21;22
2021-01-11 00:40:05;64;19;28;19
2021-01-11 00:40:25;71;18;28;18
2021-01-11 00:40:41;52;25;40;29
2021-01-11 00:41:12;52;25;40;29
2021-01-11 00:41:25;51;26;39;26
2021-01-11 00:41:49;51;26;39;26
2021-01-11 00:42:04;48;26;39;36
2021-01-11 00:42:26;48;26;39;36
2021-01-11 00:43:01;48;26;39;36
2021-01-11 00:43:19;41;28;38;35
2021-01-11 00:43:42;41;28;40;35
2021-01-11 00:44:14;45;28;40;28
2021-01-11 00:44:31;45;29;42;29
2021-01-11 00:45:07;45;29;42;29
2021-01-11 00:45:21;48;31;41;25
2021-01-11 00:45:48;48;28;41;25
2021-01-11 00:46:11;49;31;40;25
2021-01-11 00:46:25;51;24;40;28
2021-01-11 00:46:56;49;24;40;31
2021-01-11 00:47:09;42;24;28;24
2021-01-11 00:47:35;42;27;28;28
2021-01-11 00:48:10;46;27;28;28
2021-01-11 00:48:20;48;33;39;25
2021-01-11 00:49:03;47;29;38;26
2021-01-11 00:49:38;47;29;38;26
2021-01-11 00:50:16;71;19;26;21
2021-01-11 00:50:55;72;21;26;21
2021-01-11 00:51:33;70;21;27;21
2021-01-11 00:52:15;73;23;25;20
2021-01-11 00:52:45;73;23;25;20
2021-01-11 00:52:57;68;23;26;20
2021-01-11 00:53:26;68;23;26;20
2021-01-11 00:53:41;68;19;26;20
2021-01-11 00:54:09;68;19;25;20
2021-01-11 00:54:22;66;20;26;20
2021-01-11 00:54:39;66;20;20;20
2021-01-11 00:55:01;66;21;20;20
2021-01-11 00:55:26;66;21;20;20
2021-01-11 00:55:48;65;20;20;19
2021-01-11 00:56:21;67;22;26;19
2021-01-11 00:56:29;45;35;39;35
2021-01-11 00:57:06;45;35;39;35
2021-01-11 00:58:15;46;35;39;35
2021-01-11 00:58:27;41;28;39;28
2021-01-11 00:58:56;41;28;39;28
2021-01-11 00:59:09;41;28;39;29
2021-01-11 00:59:42;46;28;38;27
2021-01-11 01:00:25;41;29;40;29
2021-01-11 01:00:52;41;29;40;29
2021-01-11 01:01:06;41;29;40;30
2021-01-11 01:01:32;41;29;40;30
2021-01-11 01:01:47;41;29;28;29
2021-01-11 01:02:08;46;29;28;29
2021-01-11 01:02:29;46;29;28;29
2021-01-11 01:02:55;46;29;28;29
2021-01-11 01:03:36;51;26;28;25
2021-01-11 01:04:00;52;24;39;27
2021-01-11 01:04:22;52;24;40;27
2021-01-11 01:04:43;48;23;38;25
2021-01-11 01:05:07;44;29;38;34
2021-01-11 01:05:38;44;29;38;34
2021-01-11 01:06:00;63;21;28;21
2021-01-11 01:06:19;65;21;27;21
2021-01-11 01:06:58;66;17;27;20
2021-01-11 01:07:30;66;17;27;16
2021-01-11 01:07:40;65;18;27;20
2021-01-11 01:08:19;68;18;34;18
2021-01-11 01:08:44;64;18;34;18
2021-01-11 01:09:00;64;17;27;19
2021-01-11 01:09:25;64;17;27;19
2021-01-11 01:09:44;64;17;21;19
2021-01-11 01:10:02;70;21;21;21
2021-01-11 01:10:42;73;21;27;22
2021-01-11 01:11:06;73;21;20;22
2021-01-11 01:11:24;65;20;20;22
2021-01-11 01:11:48;65;20;20;22
2021-01-11 01:12:02;46;27;39;28
2021-01-11 01:12:50;46;29;28;28
2021-01-11 01:13:09;46;29;39;28
2021-01-11 01:13:35;52;27;39;28
2021-01-11 01:13:48;52;27;39;25
2021-01-11 01:14:21;52;26;39;26
2021-01-11 01:14:31;43;36;38;29
2021-01-11 01:15:03;45;28;38;29
2021-01-11 01:15:13;48;35;39;29
2021-01-11 01:15:48;41;36;39;36
2021-01-11 01:16:10;41;36;40;36
2021-01-11 01:16:32;46;35;39;37
2021-01-11 01:17:12;41;35;39;37
2021-01-11 01:17:29;40;29;40;29
2021-01-11 01:17:55;40;29;40;37
2021-01-11 01:18:20;40;29;40;37
2021-01-11 01:18:41;46;28;40;30
2021-01-11 01:19:37;46;23;40;30
2021-01-11 01:20:02;46;29;28;30
2021-01-11 01:20:31;46;35;39;30
2021-01-11 01:20:58;42;35;40;34
2021-01-11 01:21:22;59;23;39;20
2021-01-11 01:22:00;59;20;39;20
2021-01-11 01:22:18;65;22;27;22
2021-01-11 01:22:55;63;19;27;23
2021-01-11 01:23:23;61;20;27;22
2021-01-11 01:23:40;72;20;27;22
2021-01-11 01:24:00;72;20;27;22
2021-01-11 01:24:15;70;20;27;22
2021-01-11 01:24:51;65;18;27;19
2021-01-11 01:25:22;63;20;27;21
2021-01-11 01:25:43;67;20;27;21
2021-01-11 01:25:57;67;21;21;21
2021-01-11 01:26:29;73;21;27;21
2021-01-11 01:26:55;73;21;27;21
2021-01-11 01:27:44;73;21;28;21
2021-01-11 01:28:05;45;31;40;31
2021-01-11 01:28:36;45;25;40;31
2021-01-11 01:28:57;56;25;28;29
2021-01-11 01:29:27;56;25;28;29
2021-01-11 01:29:38;50;25;39;25
2021-01-11 01:30:03;50;25;39;25
2021-01-11 01:30:17;52;28;39;30
2021-01-11 01:30:43;45;28;39;30
2021-01-11 01:31:20;43;24;38;35
2021-01-11 01:31:52;43;24;38;35
2021-01-11 01:32:05;43;26;39;27
2021-01-11 01:32:28;50;25;39;24
2021-01-11 01:32:49;46;30;39;28
2021-01-11 01:33:31;51;31;39;25
2021-01-11 01:34:07;45;28;39;25
2021-01-11 01:34:21;46;29;40;31
2021-01-11 01:34:47;52;29;40;31
2021-01-11 01:35:14;41;28;39;29
2021-01-11 01:35:41;41;28;40;29
2021-01-11 01:36:14;41;28;40;29
2021-01-11 01:36:57;41;28;40;29
2021-01-11 01:37:16;73;22;27;21
2021-01-11 01:37:59;66;20;27;22
2021-01-11 01:38:41;66;18;27;18
2021-01-11 01:39:14;66;18;27;18
2021-01-11 01:39:24;66;18;27;18
2021-01-11 01:40:44;66;18;27;18
2021-01-11 01:40:54;67;23;26;20
2021-01-11 01:41:33;67;23;27;24
2021-01-11 01:41:58;67;23;27;24
2021-01-11 01:42:15;67;23;27;24
2021-01-11 01:42:29;62;23;27;24
2021-01-11 01:42:53;47;22;41;35
2021-01-11 01:43:28;48;22;41;35
2021-01-11 01:43:59;44;34;29;28
2021-01-11 01:45:09;49;36;41;29
2021-01-11 01:45:34;49;36;30;29
2021-01-11 01:45:46;43;33;40;35
2021-01-11 01:46:14;43;33;40;29
2021-01-11 01:46:48;52;30;42;36
2021-01-11 01:47:13;47;29;41;30
2021-01-11 01:47:39;47;29;41;28
2021-01-11 01:47:59;48;29;42;28
2021-01-11 01:48:27;48;30;42;31
2021-01-11 01:48:39;46;29;42;30
2021-01-11 01:49:01;46;31;42;30
2021-01-11 01:49:19;49;25;41;30
2021-01-11 01:49:39;47;28;41;28
2021-01-11 01:50:25;47;28;41;25
2021-01-11 01:50:44;47;28;41;25
2021-01-11 01:51:20;51;28;41;25
2021-01-11 01:51:42;64;19;28;19
2021-01-11 01:52:15;65;19;29;19
2021-01-11 01:52:23;69;22;28;20
2021-01-11 01:52:55;69;22;28;20
2021-01-11 01:53:10;64;22;28;22
2021-01-11 01:53:54;64;22;28;19
2021-01-11 01:54:18;66;20;28;19
2021-01-11 01:54:48;66;20;28;19
2021-01-11 01:55:14;66;24;29;23
2021-01-11 01:55:36;66;24;29;23
2021-01-11 01:56:12;66;24;29;23
2021-01-11 01:56:23;64;21;28;23
2021-01-11 01:56:50;64;21;28;23
2021-01-11 01:57:09;63;22;28;22
2021-01-11 01:57:36;46;29;43;24
2021-01-11 01:57:57;46;29;42;24
2021-01-11 01:58:16;46;29;41;24
2021-01-11 01:58:33;45;30;42;29
2021-01-11 01:59:23;41;38;29;29
2021-01-11 01:59:49;47;38;42;29
2021-01-11 02:00:09;45;29;41;33
2021-01-11 02:01:07;45;29;41;33
2021-01-11 02:01:16;49;31;47;27
2021-01-11 02:01:58;49;27;42;24
2021-01-11 02:02:18;49;27;42;24
2021-01-11 02:02:38;49;27;42;26
2021-01-11 02:02:59;49;38;42;26
2021-01-11 02:03:18;49;38;42;26
2021-01-11 02:03:38;47;37;41;26
2021-01-11 02:04:00;47;37;41;26
2021-01-11 02:04:15;47;38;41;26
2021-01-11 02:04:38;47;38;41;26
2021-01-11 02:04:58;48;38;42;34
2021-01-11 02:05:20;48;38;42;29
2021-01-11 02:05:39;48;36;41;29
2021-01-11 02:05:58;48;37;41;29
2021-01-11 02:06:13;48;36;41;36
2021-01-11 02:06:44;41;31;42;35
2021-01-11 02:07:11;41;31;42;35
2021-01-11 02:07:23;61;20;28;23
2021-01-11 02:08:03;61;21;27;22
2021-01-11 02:08:39;65;21;27;22
2021-01-11 02:09:19;67;22;27;21
2021-01-11 02:09:59;66;22;27;21
2021-01-11 02:10:20;66;19;26;22
2021-01-11 02:10:52;71;20;26;21
2021-01-11 02:11:10;64;21;27;22
2021-01-11 02:11:34;64;21;27;21
2021-01-11 02:12:21;64;21;27;23
2021-01-11 02:12:44;64;21;27;23
2021-01-11 02:13:00;64;20;27;21
2021-01-11 02:13:28;63;20;25;21
2021-01-11 02:13:41;45;26;41;29
2021-01-11 02:14:06;47;31;41;32
2021-01-11 02:14:29;52;30;41;26
2021-01-11 02:15:06;51;31;41;25
2021-01-11 02:15:25;51;31;30;25
2021-01-11 02:15:48;51;32;41;31
2021-01-11 02:16:20;50;32;41;31
2021-01-11 02:16:36;52;27;42;28
2021-01-11 02:17:02;52;27;42;28
2021-01-11 02:17:26;52;27;42;28
2021-01-11 02:17:42;52;32;42;28
2021-01-11 02:18:27;47;30;30;33
2021-01-11 02:19:10;47;30;42;29
2021-01-11 02:19:43;47;30;42;29
2021-01-11 02:19:55;46;30;41;31
2021-01-11 02:20:23;46;30;41;31
2021-01-11 02:20:34;47;29;42;31
2021-01-11 02:21:12;47;36;42;30
2021-01-11 02:21:43;47;35;42;29
2021-01-11 02:22:14;47;35;41;29
2021-01-11 02:22:24;46;36;42;35
2021-01-11 02:22:46;46;36;42;25
2021-01-11 02:23:07;46;36;42;25
2021-01-11 02:23:33;46;36;42;25
2021-01-11 02:23:47;46;25;28;24
2021-01-11 02:24:13;46;25;29;24
2021-01-11 02:24:56;61;21;28;22
2021-01-11 02:25:18;61;21;29;22
2021-01-11 02:26:00;61;21;22;21
2021-01-11 02:26:49;66;24;28;24
2021-01-11 02:27:17;55;24;28;24
2021-01-11 02:27:31;67;24;22;24
2021-01-11 02:28:01;61;23;28;22
2021-01-11 02:28:33;61;21;29;22
2021-01-11 02:29:14;46;31;42;30
2021-01-11 02:29:48;46;31;42;30
2021-01-11 02:30:00;45;29;42;31
2021-01-11 02:30:23;51;29;42;31
2021-01-11 02:30:50;52;24;42;29
2021-01-11 02:31:04;54;28;42;26
2021-01-11 02:31:35;53;28;42;26
2021-01-11 02:31:58;46;29;41;30
2021-01-11 02:32:23;46;26;41;30
2021-01-11 02:32:40;47;28;42;31
2021-01-11 02:33:03;47;27;42;31
2021-01-11 02:33:17;47;26;29;30
2021-01-11 02:34:13;47;26;29;30
2021-01-11 02:34:28;52;27;42;26
2021-01-11 02:35:14;45;27;42;24
2021-01-11 02:35:41;45;27;42;24
2021-01-11 02:36:08;45;27;42;24
2021-01-11 02:36:34;47;26;41;25
2021-01-11 02:37:09;47;26;41;25
2021-01-11 02:37:19;44;29;41;31
2021-01-11 02:37:52;47;29;42;31
2021-01-11 02:38:07;50;29;42;29
2021-01-11 02:38:35;65;20;29;22
2021-01-11 02:39:03;65;20;29;22
2021-01-11 02:39:23;68;21;28;20
2021-01-11 02:39:52;65;21;28;20
2021-01-11 02:40:13;67;22;28;20
2021-01-11 02:40:39;67;22;22;21
2021-01-11 02:41:19;67;22;22;21
2021-01-11 02:41:39;67;22;28;23
2021-01-11 02:42:02;67;22;28;23
2021-01-11 02:42:23;68;21;22;21
2021-01-11 02:43:03;68;21;27;21
2021-01-11 02:43:19;68;19;27;20
2021-01-11 02:43:43;68;19;27;20
2021-01-11 02:44:03;72;20;27;20
2021-01-11 02:44:25;72;20;28;20
2021-01-11 02:44:51;72;20;28;20
2021-01-11 02:45:23;42;29;40;35
2021-01-11 02:45:46;42;29;40;35
2021-01-11 02:46:16;42;29;40;35
2021-01-11 02:46:40;48;37;42;36
2021-01-11 02:47:03;49;37;42;36
2021-01-11 02:47:44;49;34;42;36
2021-01-11 02:48:17;49;36;42;29
2021-01-11 02:48:33;49;28;42;31
2021-01-11 02:48:52;52;37;42;31
2021-01-11 02:49:11;52;37;42;31
2021-01-11 02:49:29;43;31;42;31
2021-01-11 02:50:01;52;32;42;32
2021-01-11 02:50:37;52;32;42;32
2021-01-11 02:50:46;49;29;42;32
2021-01-11 02:51:28;51;30;31;33
2021-01-11 02:52:11;48;26;42;30
2021-01-11 02:52:53;48;26;29;30
2021-01-11 02:53:14;48;26;42;30
2021-01-11 02:53:36;44;29;43;32
2021-01-11 02:53:53;64;29;43;32
2021-01-11 02:54:23;63;23;28;22
2021-01-11 02:54:51;62;22;28;21
2021-01-11 02:55:24;67;22;28;21
2021-01-11 02:55:34;69;20;28;20
2021-01-11 02:56:10;70;20;30;18
2021-01-11 02:56:48;70;20;30;18
2021-01-11 02:57:14;64;20;29;21
2021-01-11 02:57:38;64;22;29;21
2021-01-11 02:58:16;64;22;29;21
2021-01-11 02:58:37;66;25;29;21
2021-01-11 02:58:59;61;25;29;23
2021-01-11 02:59:46;67;24;29;21
2021-01-11 03:00:12;67;24;42;32
2021-01-11 03:00:37;47;38;42;32
2021-01-11 03:00:56;47;38;42;37
2021-01-11 03:01:59;47;38;43;38
2021-01-11 03:02:18;40;34;43;38
2021-01-11 03:03:00;47;32;43;38
2021-01-11 03:03:41;46;30;43;33
2021-01-11 03:04:16;46;30;43;33
2021-01-11 03:04:35;47;29;42;31
2021-01-11 03:05:01;48;31;43;37
2021-01-11 03:05:37;41;31;43;37
2021-01-11 03:05:52;46;39;43;31
2021-01-11 03:06:21;46;29;43;29
2021-01-11 03:06:32;45;31;43;31
2021-01-11 03:07:07;45;38;44;31
2021-01-11 03:07:30;41;38;44;31
2021-01-11 03:08:01;41;31;44;31
2021-01-11 03:08:26;41;31;44;31
2021-01-11 03:08:47;47;30;42;32
2021-01-11 03:09:10;46;30;43;32
2021-01-11 03:09:38;46;39;44;32
2021-01-11 03:09:57;46;39;44;32
2021-01-11 03:10:42;67;25;29;22
2021-01-11 03:11:28;71;19;26;20
2021-01-11 03:11:51;69;19;26;20
2021-01-11 03:12:05;73;20;26;21
2021-01-11 03:12:24;69;20;28;21
2021-01-11 03:12:51;69;19;29;20
2021-01-11 03:13:18;69;19;29;20
2021-01-11 03:13:50;66;21;28;20
2021-01-11 03:14:09;66;21;28;21
2021-01-11 03:14:29;68;22;28;21
2021-01-11 03:14:47;75;20;28;23
2021-01-11 03:15:14;66;23;28;23
2021-01-11 03:15:38;65;22;29;21
2021-01-11 03:16:10;65;22;29;21
2021-01-11 03:16:28;51;33;43;32
2021-01-11 03:16:52;51;33;30;32
2021-01-11 03:17:36;51;29;30;31
2021-01-11 03:17:55;46;30;43;30
2021-01-11 03:18:28;46;30;43;32
2021-01-11 03:19:05;47;29;42;30
2021-01-11 03:20:32;45;32;42;30
2021-01-11 03:21:01;45;32;42;30
2021-01-11 03:21:24;48;31;42;32
2021-01-11 03:21:55;41;31;42;32
2021-01-11 03:22:04;47;30;42;29
2021-01-11 03:22:48;47;31;31;32
2021-01-11 03:23:18;47;37;31;38
2021-01-11 03:23:31;41;38;42;29
2021-01-11 03:23:58;53;38;42;29
2021-01-11 03:24:08;43;32;30;29
2021-01-11 03:24:48;45;32;43;25
2021-01-11 03:25:18;52;32;43;25
2021-01-11 03:25:36;52;20;30;22
2021-01-11 03:26:18;66;23;30;23
2021-01-11 03:27:04;68;21;29;20
2021-01-11 03:27:44;66;21;29;21
2021-01-11 03:28:13;66;24;29;21
2021-01-11 03:28:31;66;22;29;21
2021-01-11 03:28:52;67;24;29;23
2021-01-11 03:29:11;62;24;28;24
2021-01-11 03:29:54;63;17;28;21
2021-01-11 03:30:18;63;17;28;21
2021-01-11 03:30:55;63;17;28;21
2021-01-11 03:31:18;66;21;27;22
2021-01-11 03:31:44;45;34;27;28
2021-01-11 03:31:57;45;30;42;31
2021-01-11 03:32:15;45;30;42;31
2021-01-11 03:32:39;45;30;42;28
2021-01-11 03:32:57;45;30;43;28
2021-01-11 03:33:34;45;30;42;28
2021-01-11 03:33:59;45;30;42;30
2021-01-11 03:34:24;45;29;42;32
2021-01-11 03:34:43;45;29;42;30
2021-01-11 03:35:33;45;25;40;26
2021-01-11 03:36:00;45;25;40;26
2021-01-11 03:36:22;45;33;40;26
2021-01-11 03:36:46;45;33;42;26
2021-01-11 03:37:04;51;33;43;27
2021-01-11 03:37:31;45;29;43;27
2021-01-11 03:37:56;51;31;42;32
2021-01-11 03:38:58;51;31;42;32
2021-01-11 03:39:20;50;24;39;28
2021-01-11 03:39:53;50;24;39;28
2021-01-11 03:40:03;53;32;41;25
2021-01-11 03:40:21;53;32;41;25
2021-01-11 03:40:42;44;32;41;25
2021-01-11 03:41:06;44;32;41;25
2021-01-11 03:41:39;63;22;29;22
2021-01-11 03:42:11;64;20;22;20
2021-01-11 03:42:41;64;20;27;20
2021-01-11 03:42:50;68;21;28;20
2021-01-11 03:43:11;68;21;28;20
2021-01-11 03:43:30;62;21;28;20
2021-01-11 03:43:58;62;21;28;20
2021-01-11 03:44:09;61;20;28;22
2021-01-11 03:44:36;67;20;28;22
2021-01-11 03:45:05;67;24;28;22
2021-01-11 03:45:29;67;24;28;22
2021-01-11 03:45:47;73;24;28;22
2021-01-11 03:46:17;71;22;28;22
2021-01-11 03:46:44;62;22;28;22
2021-01-11 03:46:54;62;23;28;25
2021-01-11 03:47:41;48;29;28;37
2021-01-11 03:48:06;48;29;28;29
2021-01-11 03:48:21;47;28;42;31
2021-01-11 03:48:44;47;28;42;31
2021-01-11 03:49:01;47;29;43;30
2021-01-11 03:49:21;47;29;43;30
2021-01-11 03:49:52;41;29;31;30
2021-01-11 03:50:19;47;29;42;30
2021-01-11 03:50:37;41;38;42;31
2021-01-11 03:51:01;47;37;42;31
2021-01-11 03:51:50;47;31;43;31
2021-01-11 03:52:17;47;31;43;31
2021-01-11 03:52:42;48;29;43;33
2021-01-11 03:52:57;47;34;42;39
2021-01-11 03:53:18;44;29;42;33
2021-01-11 03:53:37;44;32;41;31
2021-01-11 03:54:12;44;32;41;30
2021-01-11 03:54:21;47;32;41;31
2021-01-11 03:54:46;47;35;41;31
2021-01-11 03:55:03;48;33;42;33
2021-01-11 03:55:31;44;28;42;33
2021-01-11 03:56:06;44;28;42;33
2021-01-11 03:56:18;50;26;43;33
2021-01-11 03:56:46;50;26;43;33
2021-01-11 03:57:02;57;27;30;27
2021-01-11 03:57:24;68;32;30;23
2021-01-11 03:58:02;68;32;30;19
2021-01-11 03:58:48;69;21;29;20
2021-01-11 03:59:32;68;21;28;18
2021-01-11 03:59:58;68;21;28;18
2021-01-11 04:00:14;68;20;29;23
2021-01-11 04:00:51;68;20;29;23
2021-01-11 04:01:02;66;23;29;23
2021-01-11 04:01:27;66;23;29;23
2021-01-11 04:01:36;66;24;29;25
2021-01-11 04:02:04;66;24;29;25
2021-01-11 04:02:19;66;22;29;24
2021-01-11 04:02:55;66;26;29;24
2021-01-11 04:03:06;68;22;29;23
2021-01-11 04:03:37;68;22;29;23
2021-01-11 04:04:00;44;29;43;28
2021-01-11 04:04:20;44;29;43;30
2021-01-11 04:04:59;52;30;42;30
2021-01-11 04:05:35;48;30;43;32
2021-01-11 04:06:09;48;30;43;32
2021-01-11 04:06:21;48;37;41;30
2021-01-11 04:06:49;48;37;41;30
2021-01-11 04:07:08;48;38;43;29
2021-01-11 04:07:30;48;31;43;29
2021-01-11 04:08:14;48;37;42;38
2021-01-11 04:08:52;42;38;42;38
2021-01-11 04:10:10;45;27;42;31
2021-01-11 04:10:42;45;27;42;31
2021-01-11 04:10:59;49;27;42;32
2021-01-11 04:11:22;49;27;42;29
2021-01-11 04:11:42;41;26;42;29
2021-01-11 04:12:07;41;31;42;26
2021-01-11 04:12:32;41;31;42;26
2021-01-11 04:12:47;49;30;42;30
2021-01-11 04:13:29;60;24;29;22
2021-01-11 04:13:51;60;24;29;22
2021-01-11 04:14:10;60;24;29;22
2021-01-11 04:14:31;60;24;29;22
2021-01-11 04:14:51;60;24;29;22
2021-01-11 04:15:11;60;21;29;22
2021-01-11 04:15:33;60;21;29;22
2021-01-11 04:15:52;60;21;29;22
2021-01-11 04:16:25;66;21;28;22
2021-01-11 04:16:48;66;21;28;24
2021-01-11 04:17:08;67;21;28;23
2021-01-11 04:17:26;67;21;28;23
2021-01-11 04:17:53;67;21;28;23
2021-01-11 04:18:04;67;19;28;20
2021-01-11 04:18:28;67;19;28;20
2021-01-11 04:18:43;67;22;28;22
2021-01-11 04:19:14;67;22;28;23
2021-01-11 04:19:41;67;22;28;23
2021-01-11 04:19:50;45;33;42;33
2021-01-11 04:20:27;45;33;42;33
2021-01-11 04:20:51;48;32;42;31
2021-01-11 04:21:09;48;32;30;33
2021-01-11 04:21:53;48;27;42;31
2021-01-11 04:22:28;48;27;42;31
2021-01-11 04:22:47;47;29;30;31
2021-01-11 04:23:06;47;29;42;34
2021-01-11 04:23:35;47;31;42;30
2021-01-11 04:23:45;41;31;41;30
2021-01-11 04:24:17;41;31;41;30
2021-01-11 04:24:58;41;31;41;27
2021-01-11 04:25:59;46;24;42;27
2021-01-11 04:26:20;46;24;42;27
2021-01-11 04:26:41;42;37;42;27
2021-01-11 04:27:08;42;38;42;36
2021-01-11 04:27:46;41;35;42;37
2021-01-11 04:28:15;47;35;42;37
2021-01-11 04:28:25;41;35;42;36
2021-01-11 04:29:08;46;29;41;36
2021-01-11 04:29:43;61;22;28;25
2021-01-11 04:31:15;60;20;26;17
2021-01-11 04:31:52;61;20;26;17
2021-01-11 04:32:01;69;25;28;21
2021-01-11 04:32:36;67;25;29;21
2021-01-11 04:33:11;67;25;27;21
2021-01-11 04:33:37;69;21;28;22
2021-01-11 04:33:53;67;23;29;24
2021-01-11 04:34:33;67;21;28;22
2021-01-11 04:35:11;67;21;28;22
2021-01-11 04:35:31;49;29;38;30
2021-01-11 04:35:50;49;31;38;31
2021-01-11 04:36:25;49;31;41;31
2021-01-11 04:36:44;53;24;40;26
2021-01-11 04:37:15;55;22;41;25
2021-01-11 04:37:41;55;22;41;25
2021-01-11 04:37:54;55;27;41;30
2021-01-11 04:38:24;55;33;41;30
2021-01-11 04:38:35;48;28;42;25
2021-01-11 04:39:40;48;28;42;25
2021-01-11 04:40:02;44;25;41;33
2021-01-11 04:40:43;51;26;42;33
2021-01-11 04:41:25;45;29;42;22
2021-01-11 04:41:45;45;29;42;22
2021-01-11 04:42:09;46;29;42;27
2021-01-11 04:42:43;46;32;42;27
2021-01-11 04:42:51;49;34;42;29
2021-01-11 04:43:16;49;32;42;31
2021-01-11 04:43:29;43;37;41;30
2021-01-11 04:43:49;43;37;41;30
2021-01-11 04:44:10;48;37;42;30
2021-01-11 04:44:30;49;29;42;30
2021-01-11 04:44:47;49;29;42;37
2021-01-11 04:45:21;47;29;42;37
2021-01-11 04:45:35;66;22;28;27
2021-01-11 04:46:05;66;22;28;27
2021-01-11 04:46:22;66;22;28;22
2021-01-11 04:47:06;62;24;27;21
2021-01-11 04:47:24;66;21;27;21
2021-01-11 04:47:46;67;25;22;21
2021-01-11 04:48:03;67;25;22;21
2021-01-11 04:48:26;67;24;28;24
2021-01-11 04:48:51;67;24;28;24
2021-01-11 04:49:05;70;24;28;24
2021-01-11 04:49:27;70;24;28;24
2021-01-11 04:49:47;62;21;28;24
2021-01-11 04:50:07;62;21;28;21
2021-01-11 04:50:29;63;24;28;25
2021-01-11 04:51:10;61;24;28;24
2021-01-11 04:51:47;61;24;39;24
2021-01-11 04:51:55;46;30;41;31
2021-01-11 04:52:35;46;29;41;29
2021-01-11 04:52:58;40;29;41;36
2021-01-11 04:53:19;50;30;41;29
2021-01-11 04:53:47;46;36;41;29
2021-01-11 04:54:03;44;32;30;32
2021-01-11 04:54:38;44;32;30;32
2021-01-11 04:55:03;44;30;41;35
2021-01-11 04:55:27;44;27;29;31
2021-01-11 04:55:47;44;29;29;31
2021-01-11 04:56:41;44;29;29;31
2021-01-11 04:56:50;52;28;29;28
2021-01-11 04:57:35;53;33;41;26
2021-01-11 04:58:14;51;33;41;27
2021-01-11 04:59:03;45;26;41;33
2021-01-11 04:59:26;48;25;41;28
2021-01-11 05:00:01;48;25;41;28
2021-01-11 05:00:33;45;30;41;28
2021-01-11 05:01:16;45;30;41;28
2021-01-11 05:01:36;45;30;41;28
2021-01-11 05:02:00;45;30;41;28
2021-01-11 05:02:25;68;21;28;20
2021-01-11 05:02:54;74;19;28;20
2021-01-11 05:03:13;65;21;29;26
2021-01-11 05:03:47;65;21;29;26
2021-01-11 05:04:04;68;21;28;19
2021-01-11 05:04:42;63;21;28;22
2021-01-11 05:05:22;66;21;27;23
2021-01-11 05:05:45;66;24;27;23
2021-01-11 05:05:54;65;21;28;21
2021-01-11 05:06:29;65;20;28;23
2021-01-11 05:07:15;46;29;40;30
2021-01-11 05:07:52;47;27;40;29
2021-01-11 05:08:34;46;31;41;27
2021-01-11 05:09:03;43;35;41;38
2021-01-11 05:09:13;46;37;40;31
2021-01-11 05:09:48;46;37;40;31
2021-01-11 05:10:17;46;30;42;29
2021-01-11 05:10:38;47;30;41;39
2021-01-11 05:11:11;47;30;41;39
2021-01-11 05:11:54;53;29;29;30
2021-01-11 05:12:24;41;29;29;30
2021-01-11 05:12:26;41;29;29;30
2021-01-11 05:12:34;46;29;40;30
2021-01-11 05:13:09;46;29;40;30
2021-01-11 05:13:33;50;31;29;29
2021-01-11 05:13:54;50;30;29;29
2021-01-11 05:14:40;47;33;42;31
2021-01-11 05:15:19;44;31;40;30
2021-01-11 05:16:08;44;24;40;32
2021-01-11 05:16:31;44;24;40;32
2021-01-11 05:16:59;49;27;40;32
2021-01-11 05:17:21;49;23;41;28
2021-01-11 05:17:59;49;23;41;28
2021-01-11 05:18:15;72;18;28;18
2021-01-11 05:18:39;75;19;28;18
2021-01-11 05:18:59;71;20;27;21
2021-01-11 05:19:26;70;22;28;22
2021-01-11 05:19:44;69;22;28;19
2021-01-11 05:20:05;69;22;27;19
2021-01-11 05:20:42;69;22;27;19
2021-01-11 05:20:52;67;22;21;19
2021-01-11 05:21:17;67;22;21;22
2021-01-11 05:21:26;70;20;27;22
2021-01-11 05:22:01;70;20;27;22
2021-01-11 05:22:11;67;20;27;21
2021-01-11 05:22:36;67;21;27;18
2021-01-11 05:23:05;69;20;28;19
2021-01-11 05:23:24;69;20;27;22
2021-01-11 05:23:46;67;20;27;22
2021-01-11 05:24:16;47;27;40;29
2021-01-11 05:24:51;48;29;41;32
2021-01-11 05:25:16;48;34;41;32
2021-01-11 05:25:54;48;34;39;25
2021-01-11 05:26:31;48;29;39;30
2021-01-11 05:26:46;41;28;39;29
2021-01-11 05:27:10;41;28;39;29
2021-01-11 05:27:53;47;28;40;28
2021-01-11 05:28:26;47;37;40;28
2021-01-11 05:28:38;49;29;39;28
2021-01-11 05:29:11;49;29;39;27
2021-01-11 05:29:45;49;29;39;36
2021-01-11 05:30:00;47;30;29;27
2021-01-11 05:30:26;47;30;40;27
2021-01-11 05:30:54;47;36;40;30
2021-01-11 05:31:15;47;36;39;30
2021-01-11 05:31:34;46;28;28;30
2021-01-11 05:31:56;46;28;28;30
2021-01-11 05:32:17;46;28;28;30
2021-01-11 05:32:36;46;38;28;30
2021-01-11 05:32:51;47;38;39;30
2021-01-11 05:33:12;47;36;39;30
2021-01-11 05:33:36;46;25;39;30
2021-01-11 05:33:55;46;25;27;30
2021-01-11 05:34:18;70;21;27;18
2021-01-11 05:34:36;71;21;27;21
2021-01-11 05:35:07;71;21;27;19
2021-01-11 05:35:18;69;20;27;21
2021-01-11 05:35:43;66;22;27;21
2021-01-11 05:36:01;64;22;27;21
2021-01-11 05:36:45;66;22;26;21
2021-01-11 05:37:13;66;22;26;21
2021-01-11 05:38:04;72;22;27;21
2021-01-11 05:38:32;72;22;27;22
2021-01-11 05:38:51;64;20;21;23
2021-01-11 05:39:26;64;20;21;23
2021-01-11 05:39:54;68;20;27;21
2021-01-11 05:40:05;51;25;40;31
2021-01-11 05:40:36;51;25;39;31
2021-01-11 05:40:46;51;24;39;29
2021-01-11 05:41:17;51;24;39;32
2021-01-11 05:41:34;49;26;39;28
2021-01-11 05:41:56;48;26;39;28
2021-01-11 05:42:47;48;31;40;29
2021-01-11 05:43:16;48;31;40;29
2021-01-11 05:43:24;47;30;39;36
2021-01-11 05:44:10;54;30;39;36
2021-01-11 05:44:45;47;30;28;36
2021-01-11 05:45:09;57;30;40;26
2021-01-11 05:45:24;57;30;40;36
2021-01-11 05:45:45;50;27;40;36
2021-01-11 05:46:07;54;29;29;37
2021-01-11 05:46:42;44;27;39;37
2021-01-11 05:47:21;43;32;40;30
2021-01-11 05:47:59;43;32;40;30
2021-01-11 05:48:08;46;30;39;27
2021-01-11 05:48:46;47;37;40;29
2021-01-11 05:49:27;52;38;40;29
2021-01-11 05:49:59;52;38;39;29
2021-01-11 05:50:12;68;29;40;25
2021-01-11 05:50:45;70;21;27;21
2021-01-11 05:51:06;70;21;27;21
2021-01-11 05:51:24;70;21;27;21
2021-01-11 05:51:44;65;21;27;21
2021-01-11 05:52:03;65;21;27;25
2021-01-11 05:52:19;67;21;21;19
2021-01-11 05:52:45;67;24;27;25
2021-01-11 05:53:09;60;24;27;25
2021-01-11 05:53:30;66;20;27;21
2021-01-11 05:54:00;66;24;27;21
2021-01-11 05:54:09;65;20;27;21
2021-01-11 05:54:50;65;21;27;21
2021-01-11 05:55:09;61;21;27;23
2021-01-11 05:55:35;64;21;27;21
2021-01-11 05:56:15;64;32;27;21
2021-01-11 05:56:35;48;32;39;21
2021-01-11 05:56:56;44;24;39;31
2021-01-11 05:57:25;44;24;39;31
2021-01-11 05:57:37;44;25;40;31
2021-01-11 05:58:04;46;25;40;31
2021-01-11 05:58:18;46;25;39;31
2021-01-11 05:58:47;50;25;37;31
2021-01-11 05:58:59;45;29;39;25
2021-01-11 05:59:17;45;29;39;25
2021-01-11 06:00:05;49;29;39;25
2021-01-11 06:00:18;44;31;39;31
2021-01-11 06:00:36;52;31;39;26
2021-01-11 06:00:59;47;31;39;26
2021-01-11 06:01:16;46;31;39;25
2021-01-11 06:01:36;46;31;39;25
2021-01-11 06:01:55;47;32;41;33
2021-01-11 06:02:19;40;34;40;33
2021-01-11 06:02:54;40;34;40;27
2021-01-11 06:03:04;48;30;40;38
2021-01-11 06:03:35;48;30;40;30
2021-01-11 06:03:49;53;30;38;39
2021-01-11 06:04:18;41;26;41;38
2021-01-11 06:04:49;50;26;40;38
2021-01-11 06:04:58;41;27;40;38
2021-01-11 06:05:23;41;31;40;30
2021-01-11 06:05:33;45;24;40;26
2021-01-11 06:06:08;45;24;40;26
2021-01-11 06:06:17;61;23;39;25
2021-01-11 06:06:49;61;21;39;25
2021-01-11 06:06:59;60;24;27;21
2021-01-11 06:07:39;60;24;26;21
2021-01-11 06:08:28;64;25;27;22
2021-01-11 06:09:05;65;24;27;24
2021-01-11 06:09:40;64;24;27;24
2021-01-11 06:10:10;64;24;27;24
2021-01-11 06:10:27;63;24;27;24
2021-01-11 06:10:50;63;25;27;21
2021-01-11 06:11:25;66;25;27;21
2021-01-11 06:12:01;66;19;27;21
2021-01-11 06:12:17;53;23;36;21
2021-01-11 06:12:36;53;23;36;29
2021-01-11 06:13:07;53;23;36;29
2021-01-11 06:13:16;44;30;37;36
2021-01-11 06:14:08;44;30;37;31
2021-01-11 06:14:29;52;35;38;30
2021-01-11 06:14:59;52;35;38;30
2021-01-11 06:15:16;49;31;38;29
2021-01-11 06:15:42;49;31;39;29
2021-01-11 06:16:27;47;32;39;32
2021-01-11 06:17:03;47;32;39;32
2021-01-11 06:17:17;48;28;39;27
2021-01-11 06:17:51;53;30;40;26
2021-01-11 06:18:46;48;32;39;29
2021-01-11 06:19:10;48;32;39;29
2021-01-11 06:19:39;48;32;39;29
2021-01-11 06:20:08;45;31;38;32
2021-01-11 06:20:31;45;31;38;32
2021-01-11 06:20:59;52;26;38;32
2021-01-11 06:21:17;52;26;39;27
2021-01-11 06:22:09;47;29;39;28
2021-01-11 06:22:35;47;29;39;28
2021-01-11 06:23:10;69;19;27;24
2021-01-11 06:23:54;69;19;27;24
2021-01-11 06:24:10;66;21;26;21
2021-01-11 06:24:34;66;21;27;21
2021-01-11 06:25:13;66;21;27;21
2021-01-11 06:25:22;68;24;27;21
2021-01-11 06:25:50;60;21;27;21
2021-01-11 06:26:05;65;24;27;20
2021-01-11 06:26:31;65;24;27;20
2021-01-11 06:27:05;65;25;28;20
2021-01-11 06:28:10;67;21;27;22
2021-01-11 06:28:52;41;30;38;26
2021-01-11 06:29:35;41;35;38;29
2021-01-11 06:30:17;41;35;38;28
2021-01-11 06:30:40;41;25;38;28
2021-01-11 06:30:59;41;36;40;36
2021-01-11 06:31:17;52;26;40;36
2021-01-11 06:31:41;52;26;40;36
2021-01-11 06:32:28;50;28;39;26
2021-01-11 06:32:48;50;28;39;26
2021-01-11 06:33:03;50;24;39;36
2021-01-11 06:33:35;50;24;32;36
2021-01-11 06:33:44;94;16;19;16
2021-01-11 06:34:13;94;16;17;17
2021-01-11 06:34:23;96;17;19;17
2021-01-11 06:34:52;96;17;19;17
2021-01-11 06:35:08;100;15;22;15
2021-01-11 06:35:30;100;15;22;15
2021-01-11 06:35:46;91;15;22;16
2021-01-11 06:36:12;95;15;20;14
2021-01-11 06:36:32;95;15;20;14
2021-01-11 06:36:51;95;15;20;14
2021-01-11 06:37:15;96;15;20;14
2021-01-11 06:37:45;94;17;22;16
2021-01-11 06:38:25;91;16;19;16
2021-01-11 06:39:10;112;14;18;13
2021-01-11 06:39:41;112;14;18;13
2021-01-11 06:39:51;105;13;16;12
2021-01-11 06:40:32;113;14;16;13
2021-01-11 06:41:01;116;13;18;14
2021-01-11 06:41:37;116;13;18;14
2021-01-11 06:41:43;112;13;16;13
2021-01-11 06:42:15;112;13;16;13
2021-01-11 06:42:32;102;15;18;14
2021-01-11 06:43:02;111;14;16;13
2021-01-11 06:43:35;111;13;16;13
2021-01-11 06:43:58;122;13;17;14
2021-01-11 06:44:17;122;13;17;13
2021-01-11 06:44:52;122;13;17;13
2021-01-11 06:45:10;93;18;20;16
2021-01-11 06:45:41;95;19;22;17
2021-01-11 06:46:10;95;19;22;20
2021-01-11 06:46:39;95;19;22;20
2021-01-11 06:47:01;86;17;19;17
2021-01-11 06:47:21;86;17;19;17
2021-01-11 06:47:40;86;16;19;17
2021-01-11 06:48:05;115;15;15;17
2021-01-11 06:48:31;121;12;13;12
2021-01-11 06:52:46;165;9;15;10
2021-01-11 06:53:06;169;10;15;10
2021-01-11 06:53:32;180;10;15;10
2021-01-11 06:53:55;170;9;11;9
2021-01-11 06:54:39;170;9;9;9
2021-01-11 06:55:09;170;9;9;9
2021-01-11 06:55:26;196;8;9;9
2021-01-11 06:55:52;196;8;9;9
2021-01-11 06:56:07;178;8;7;7
2021-01-11 06:56:27;178;8;6;7
2021-01-11 06:57:11;186;8;6;6
2021-01-11 06:57:44;166;9;6;6
2021-01-11 06:58:14;180;9;9;8
2021-01-11 06:58:40;179;8;6;9
2021-01-11 06:59:04;179;9;6;9
2021-01-11 06:59:25;198;10;10;9
2021-01-11 06:59:50;174;10;12;9
2021-01-11 07:00:29;174;10;12;9
2021-01-11 07:00:43;187;9;9;8
2021-01-11 07:01:09;187;9;9;11
2021-01-11 07:01:19;168;10;10;9
2021-01-11 07:02:02;202;10;9;11
2021-01-11 07:02:58;170;9;9;9
2021-01-11 07:03:26;177;10;11;10
2021-01-11 07:03:58;204;11;11;11
2021-01-11 07:04:05;155;9;9;9
2021-01-11 07:04:35;153;9;9;9
2021-01-11 07:04:45;174;10;15;11
2021-01-11 07:08:26;153;9;7;9
2021-01-11 07:08:49;190;9;7;9
2021-01-11 07:09:38;163;11;11;8
2021-01-11 07:10:09;163;11;11;8
2021-01-11 07:10:29;155;9;11;9
2021-01-11 07:10:52;145;9;11;9
2021-01-11 07:11:15;145;9;11;9
2021-01-11 07:11:28;159;11;10;10
2021-01-11 07:11:52;159;11;10;10
2021-01-11 07:12:01;150;8;11;9
2021-01-11 07:13:21;173;10;10;9
2021-01-11 07:13:54;173;10;11;9
2021-01-11 07:14:08;161;9;12;10
2021-01-11 07:14:36;198;8;15;10
2021-01-11 07:15:07;198;8;15;10
2021-01-11 07:15:17;172;8;13;9
2021-01-11 07:15:48;186;8;13;9
2021-01-11 07:16:08;177;9;11;9
2021-01-11 07:17:05;163;9;11;9
2021-01-11 07:17:14;136;8;11;10
2021-01-11 07:17:47;136;8;11;10
2021-01-11 07:18:02;142;11;10;9
2021-01-11 07:18:30;135;7;10;10
2021-01-11 07:19:03;142;7;10;10
2021-01-11 07:19:13;137;9;13;10
2021-01-11 07:19:48;180;9;13;10
2021-01-11 07:19:57;180;7;9;7
2021-01-11 07:20:55;154;7;11;7
2021-01-11 07:21:21;176;9;13;10
2021-01-11 07:21:45;137;9;13;11
2021-01-11 07:22:11;162;9;13;11
2021-01-11 07:22:35;162;9;13;7
2021-01-11 07:23:01;150;10;10;5
2021-01-11 07:23:21;168;8;10;8
2021-01-11 07:24:27;138;8;10;8
2021-01-11 07:24:47;153;9;10;10
2021-01-11 07:25:17;153;9;6;10
2021-01-11 07:25:39;229;7;6;3
2021-01-11 07:26:17;213;6;11;3
2021-01-11 07:26:57;213;6;7;3
2021-01-11 07:27:09;188;8;9;6
2021-01-11 07:27:35;188;8;7;6
2021-01-11 07:28:20;238;6;7;7
2021-01-11 07:29:02;182;8;10;3
2021-01-11 07:29:37;182;8;10;3
2021-01-11 07:29:54;171;8;10;9
2021-01-11 07:30:20;171;8;10;9
2021-01-11 07:30:45;171;8;10;7
2021-01-11 07:31:06;223;8;12;7
2021-01-11 07:31:29;223;3;12;7
2021-01-11 07:31:39;196;5;10;9
2021-01-11 07:31:59;205;5;10;9
2021-01-11 07:32:24;199;7;10;5
2021-01-11 07:33:30;209;8;11;5
2021-01-11 07:33:49;185;7;13;6
2021-01-11 07:34:22;171;6;10;7
2021-01-11 07:35:02;171;6;12;8
2021-01-11 07:35:21;171;6;12;7
2021-01-11 07:35:41;171;8;12;7
2021-01-11 07:35:56;176;8;8;7
2021-01-11 07:36:29;164;4;13;7
2021-01-11 07:36:57;164;4;13;7
2021-01-11 07:37:15;169;9;12;6
2021-01-11 07:37:42;169;9;12;6
2021-01-11 07:37:56;166;9;8;8
2021-01-11 07:38:25;166;9;12;7
2021-01-11 07:38:38;166;7;12;6
2021-01-11 07:39:03;166;7;12;6
2021-01-11 07:39:25;210;8;12;6
2021-01-11 07:39:41;210;7;12;6
2021-01-11 07:40:02;158;8;10;5
2021-01-11 07:40:33;143;8;12;3
2021-01-11 07:41:11;132;7;11;9
2021-01-11 07:41:28;132;7;11;6
2021-01-11 07:42:12;132;7;11;6
2021-01-11 07:42:36;151;8;14;9
2021-01-11 07:43:03;151;8;14;9
2021-01-11 07:43:13;162;10;11;7
2021-01-11 07:43:40;162;8;11;7
2021-01-11 07:43:56;162;8;13;6
2021-01-11 07:44:30;162;8;13;6
2021-01-11 07:44:43;173;9;12;12
2021-01-11 07:45:24;159;11;12;11
2021-01-11 07:45:48;159;11;11;11
2021-01-11 07:46:10;136;12;12;10
2021-01-11 07:46:42;136;12;12;10
2021-01-11 07:46:57;136;12;12;10
2021-01-11 07:47:38;136;12;14;10
2021-01-11 07:48:22;179;10;14;9
2021-01-11 07:48:54;179;10;14;9
2021-01-11 07:49:04;198;9;9;9
2021-01-11 07:49:49;198;4;9;9
2021-01-11 07:50:27;198;4;9;9
2021-01-11 07:50:46;200;8;11;6
2021-01-11 07:51:30;196;9;10;8
2021-01-11 07:51:50;196;9;8;8
2021-01-11 07:52:14;233;7;10;7
2021-01-11 07:52:36;235;8;9;8
2021-01-11 07:53:18;235;7;9;8
2021-01-11 07:53:49;189;7;12;8
2021-01-11 07:53:59;222;9;11;7
2021-01-11 07:54:25;222;9;11;7
2021-01-11 07:54:51;222;8;11;7
2021-01-11 07:55:35;222;8;11;8
2021-01-11 07:55:51;222;9;11;6
2021-01-11 07:56:14;222;9;9;6
2021-01-11 07:56:51;145;9;15;10
2021-01-11 07:57:35;143;8;18;8
2021-01-11 07:57:59;143;8;15;8
2021-01-11 07:58:17;168;7;14;8
2021-01-11 07:59:14;168;7;14;8
2021-01-11 07:59:22;171;7;13;8
2021-01-11 08:00:02;198;7;13;9
2021-01-11 08:00:26;198;7;13;9
2021-01-11 08:00:47;198;7;13;11
2021-01-11 08:01:14;198;7;13;11
2021-01-11 08:01:35;198;7;13;11
2021-01-11 08:02:06;198;7;13;8
2021-01-11 08:02:21;198;7;12;6
2021-01-11 08:02:40;198;7;17;6
2021-01-11 08:02:59;198;7;17;6
2021-01-11 08:03:22;139;7;17;6
2021-01-11 08:03:40;139;7;17;6
2021-01-11 08:03:56;179;7;14;8
2021-01-11 08:04:16;176;7;14;8
2021-01-11 08:04:48;186;8;14;4
2021-01-11 08:05:02;206;5;11;8
2021-01-11 08:05:22;196;7;11;8
2021-01-11 08:05:59;225;7;11;8
2021-01-11 08:06:30;205;6;13;5
2021-01-11 08:07:12;191;7;10;8
2021-01-11 08:07:45;215;7;14;8
2021-01-11 08:08:02;171;8;11;8
2021-01-11 08:08:23;171;8;11;8
2021-01-11 08:08:51;171;8;11;8
2021-01-11 08:09:04;191;7;12;8
2021-01-11 08:09:47;194;9;14;7
2021-01-11 08:10:24;194;9;14;7
2021-01-11 08:10:44;193;9;14;9
2021-01-11 08:11:08;211;9;12;8
2021-01-11 08:11:27;211;9;12;7
2021-01-11 08:11:53;243;9;12;5
2021-01-11 08:12:32;185;7;10;9
2021-01-11 08:12:54;181;8;12;10
2021-01-11 08:13:16;181;8;12;10
2021-01-11 08:13:31;181;8;12;9
2021-01-11 08:13:46;192;9;12;9
2021-01-11 08:14:14;181;13;14;11
2021-01-11 08:14:46;180;13;14;11
2021-01-11 08:15:06;180;13;14;10
2021-01-11 08:15:33;186;13;13;10
2021-01-11 08:15:54;161;13;14;13
2021-01-11 08:16:16;161;13;14;13
2021-01-11 08:16:56;153;13;17;14
2021-01-11 08:17:17;147;13;15;12
2021-01-11 08:18:03;139;13;19;17
2021-01-11 08:18:35;139;13;19;17
2021-01-11 08:18:55;171;12;21;9
2021-01-11 08:19:16;171;13;21;9
2021-01-11 08:19:45;139;12;21;12
2021-01-11 08:19:57;158;8;20;11
2021-01-11 08:20:25;152;8;20;11
2021-01-11 08:20:36;165;11;17;9
2021-01-11 08:21:01;165;11;17;9
2021-01-11 08:21:13;151;13;19;10
2021-01-11 08:21:36;153;13;19;10
2021-01-11 08:22:08;178;12;16;10
2021-01-11 08:22:31;178;12;16;12
2021-01-11 08:23:01;178;12;16;12
2021-01-11 08:23:10;160;11;17;10
2021-01-11 08:23:50;160;11;17;10
2021-01-11 08:24:24;160;11;17;10
2021-01-11 08:24:34;196;10;18;11
2021-01-11 08:25:10;196;10;18;11
2021-01-11 08:25:33;175;12;18;11
2021-01-11 08:25:56;206;9;19;12
2021-01-11 08:26:31;173;9;15;10
2021-01-11 08:27:20;196;8;14;8
2021-01-11 08:28:00;162;9;16;13
2021-01-11 08:28:37;162;9;16;13
2021-01-11 08:28:51;142;15;18;9
2021-01-11 08:29:15;142;11;18;9
2021-01-11 08:29:34;172;10;15;10
2021-01-11 08:29:58;172;10;15;10
2021-01-11 08:30:30;172;10;15;10
2021-01-11 08:30:39;159;10;13;12
2021-01-11 08:31:10;159;10;13;12
2021-01-11 08:31:31;170;13;15;10
2021-01-11 08:31:56;170;13;15;10
2021-01-11 08:32:17;185;11;15;10
2021-01-11 08:32:33;181;11;16;10
2021-01-11 08:33:04;181;11;16;10
2021-01-11 08:33:23;181;10;15;8
2021-01-11 08:34:14;202;11;13;8
2021-01-11 08:34:31;178;11;13;7
2021-01-11 08:34:52;161;11;16;11
2021-01-11 08:35:12;161;11;15;7
2021-01-11 08:35:37;161;8;15;7
2021-01-11 08:35:48;178;9;16;14
2021-01-11 08:36:19;178;9;16;14
2021-01-11 08:36:59;183;9;16;14
2021-01-11 08:37:11;181;10;15;9
2021-01-11 08:37:49;181;10;15;9
2021-01-11 08:38:13;174;14;15;12
2021-01-11 08:38:54;168;12;15;9
2021-01-11 08:39:22;168;12;16;9
2021-01-11 08:39:44;158;12;17;6
2021-01-11 08:40:08;172;12;17;6
2021-01-11 08:40:24;159;12;16;12
2021-01-11 08:40:49;173;12;16;12
2021-01-11 08:41:11;146;12;16;12
2021-01-11 08:41:29;146;12;16;12
2021-01-11 08:41:50;151;12;16;12
2021-01-11 08:42:12;151;12;16;12
2021-01-11 08:42:26;150;12;17;12
2021-01-11 08:43:09;197;12;19;12
2021-01-11 08:43:28;197;9;19;6
2021-01-11 08:43:49;260;9;19;8
2021-01-11 08:44:12;213;8;15;9
2021-01-11 08:44:56;228;8;12;8
2021-01-11 08:45:12;216;8;12;9
2021-01-11 08:45:51;216;8;12;8
2021-01-11 08:46:12;216;8;12;8
2021-01-11 08:46:26;199;6;13;7
2021-01-11 08:46:52;199;6;13;7
2021-01-11 08:47:11;199;6;13;7
2021-01-11 08:47:34;199;6;13;7
2021-01-11 08:47:55;199;6;13;7
2021-01-11 08:48:14;199;9;13;7
2021-01-11 08:48:35;199;9;13;7
2021-01-11 08:48:53;199;9;13;7
2021-01-11 08:49:06;161;10;14;7
2021-01-11 08:49:31;161;10;17;7
2021-01-11 08:49:54;181;6;17;7
2021-01-11 08:50:38;218;6;17;7
2021-01-11 08:50:51;218;7;12;8
2021-01-11 08:51:34;218;8;10;8
2021-01-11 08:51:52;215;8;10;8
2021-01-11 08:52:16;198;9;9;8
2021-01-11 08:52:34;198;9;9;8
2021-01-11 08:52:55;198;9;14;8
2021-01-11 08:53:39;198;9;16;11
2021-01-11 08:53:57;198;9;16;11
2021-01-11 08:54:22;159;10;17;10
2021-01-11 08:54:52;172;10;17;10
2021-01-11 08:55:01;189;10;17;10
2021-01-11 08:55:35;189;10;17;10
2021-01-11 08:55:45;153;11;18;7
2021-01-11 08:56:07;153;11;20;7
2021-01-11 08:56:23;153;8;15;10
2021-01-11 08:56:37;153;8;15;10
2021-01-11 08:56:58;200;9;15;10
2021-01-11 08:57:13;218;10;15;10
2021-01-11 08:57:33;218;10;15;10
2021-01-11 08:57:51;225;10;15;10
2021-01-11 08:58:12;225;10;9;10
2021-01-11 08:58:24;236;7;11;7
2021-01-11 08:58:55;243;6;10;8
2021-01-11 08:59:30;229;6;12;8
2021-01-11 08:59:39;234;8;12;7
2021-01-11 09:00:10;249;8;12;7
2021-01-11 09:00:23;261;7;10;7
2021-01-11 09:01:00;261;8;10;7
2021-01-11 09:01:26;219;8;10;7
2021-01-11 09:01:52;219;8;10;6
2021-01-11 09:02:20;219;8;12;6
2021-01-11 09:02:36;219;7;14;8
2021-01-11 09:02:53;223;8;14;8
2021-01-11 09:03:09;223;8;14;7
2021-01-11 09:03:26;239;5;14;7
2021-01-11 09:03:44;239;5;14;7
2021-01-11 09:04:08;223;8;14;7
2021-01-11 09:04:30;239;7;11;7
2021-01-11 09:04:55;211;7;13;7
2021-01-11 09:05:09;211;11;14;10
2021-01-11 09:05:42;211;11;16;10
2021-01-11 09:05:54;216;8;13;10
2021-01-11 09:06:29;216;8;14;10
2021-01-11 09:06:54;172;11;14;15
2021-01-11 09:07:10;172;11;12;11
2021-01-11 09:07:37;210;11;12;11
2021-01-11 09:07:47;187;9;15;9
2021-01-11 09:08:23;191;11;16;11
2021-01-11 09:08:49;175;9;16;10
2021-01-11 09:08:59;192;13;11;13
2021-01-11 09:09:23;192;13;11;13
2021-01-11 09:09:39;192;13;11;9
2021-01-11 09:10:01;192;13;11;9
2021-01-11 09:10:18;192;13;11;9
2021-01-11 09:10:37;282;7;10;7
2021-01-11 09:10:58;282;8;10;7
2021-01-11 09:11:23;255;8;11;9
2021-01-11 09:11:46;286;9;11;8
2021-01-11 09:12:24;286;9;11;8
2021-01-11 09:12:41;252;8;11;8
2021-01-11 09:13:29;235;11;16;14
2021-01-11 09:14:12;284;11;15;10
2021-01-11 09:14:47;284;11;15;10
2021-01-11 09:14:57;250;11;15;10
2021-01-11 09:15:32;254;11;14;11
2021-01-11 09:15:53;254;11;14;11
2021-01-11 09:16:06;254;11;15;12
2021-01-11 09:16:27;235;11;15;12
2021-01-11 09:17:04;243;12;16;12
2021-01-11 09:17:31;282;11;15;10
2021-01-11 09:18:03;282;11;15;10
2021-01-11 09:18:16;267;11;16;12
2021-01-11 09:19:16;267;13;16;12
2021-01-11 09:19:40;219;13;15;12
2021-01-11 09:20:26;219;12;17;14
2021-01-11 09:20:52;219;12;18;14
2021-01-11 09:21:12;219;12;18;14
2021-01-11 09:21:30;222;13;18;14
2021-01-11 09:21:55;220;14;18;12
2021-01-11 09:22:22;220;14;18;12
2021-01-11 09:22:33;230;14;17;13
2021-01-11 09:23:19;223;15;22;17
2021-01-11 09:23:48;223;15;22;17
2021-01-11 09:24:25;223;15;22;17
2021-01-11 09:24:34;232;15;20;14
2021-01-11 09:24:59;232;15;19;14
2021-01-11 09:25:18;220;13;21;12
2021-01-11 09:25:58;241;13;18;15
2021-01-11 09:26:31;241;12;18;15
2021-01-11 09:26:51;210;15;21;15
2021-01-11 09:27:09;210;14;19;14
2021-01-11 09:27:52;223;13;20;16
2021-01-11 09:29:15;205;17;24;21
2021-01-11 09:29:44;205;17;24;21
2021-01-11 09:30:02;202;17;20;21
2021-01-11 09:30:21;202;20;20;19
2021-01-11 09:30:55;202;14;20;19
2021-01-11 09:31:05;199;19;24;19
2021-01-11 09:31:59;175;18;22;19
2021-01-11 09:32:20;175;19;23;19
2021-01-11 09:32:46;175;19;23;17
2021-01-11 09:32:57;217;17;24;15
2021-01-11 09:33:31;217;20;24;15
2021-01-11 09:33:46;179;21;24;20
2021-01-11 09:34:08;185;21;24;20
2021-01-11 09:34:37;185;21;24;20
2021-01-11 09:34:47;176;11;12;9
2021-01-11 09:35:16;168;11;12;9
2021-01-11 09:35:33;178;10;13;8
2021-01-11 09:35:59;173;9;13;9
2021-01-11 09:36:34;186;9;13;8
2021-01-11 09:36:56;164;8;20;9
2021-01-11 09:37:14;164;10;16;12
2021-01-11 09:37:37;142;10;16;12
2021-01-11 09:37:59;175;13;16;14
2021-01-11 09:38:23;175;13;16;14
2021-01-11 09:38:42;175;13;16;9
2021-01-11 09:39:09;175;13;16;10
2021-01-11 09:39:28;175;13;16;10
2021-01-11 09:39:43;170;12;16;10
2021-01-11 09:40:08;175;12;18;11
2021-01-11 09:40:31;150;12;16;11
2021-01-11 09:40:49;150;11;16;9
2021-01-11 09:41:09;150;11;16;10
2021-01-11 09:41:33;142;11;19;11
2021-01-11 09:41:53;142;11;18;11
2021-01-11 09:42:21;149;10;17;10
2021-01-11 09:42:50;158;10;19;11
2021-01-11 09:43:34;173;9;20;12
2021-01-11 09:44:06;173;9;20;10
2021-01-11 09:44:20;151;9;14;8
2021-01-11 09:44:44;151;9;14;8
2021-01-11 09:45:08;177;10;19;9
2021-01-11 09:45:28;177;9;16;9
2021-01-11 09:46:03;177;9;16;9
2021-01-11 09:46:21;166;10;19;10
2021-01-11 09:46:46;142;10;19;10
2021-01-11 09:47:19;148;14;16;10
2021-01-11 09:48:01;170;10;18;9
2021-01-11 09:48:17;155;11;17;10
2021-01-11 09:48:46;158;11;17;5
2021-01-11 09:48:54;156;9;18;12
2021-01-11 09:49:16;156;9;18;12
2021-01-11 09:50:16;152;9;17;10
2021-01-11 09:51:00;149;9;16;8
2021-01-11 09:51:30;149;8;16;12
2021-01-11 09:51:39;144;10;16;7
2021-01-11 09:52:00;147;10;13;7
2021-01-11 09:52:13;139;9;17;8
2021-01-11 09:52:53;140;4;16;9
2021-01-11 09:53:30;140;4;16;9
2021-01-11 09:53:51;149;11;14;9
2021-01-11 09:54:15;143;10;13;12
2021-01-11 09:54:48;143;10;13;12
2021-01-11 09:55:03;149;11;17;9
2021-01-11 09:55:27;149;11;17;9
2021-01-11 09:55:50;149;11;17;9
2021-01-11 09:56:29;118;14;17;13
2021-01-11 09:57:10;113;14;21;13
2021-01-11 09:57:35;122;12;15;9
2021-01-11 09:57:55;140;12;15;9
2021-01-11 09:58:24;129;11;22;10
2021-01-11 09:58:49;129;11;17;10
2021-01-11 09:59:38;140;8;16;10
2021-01-11 10:00:03;140;8;16;10
2021-01-11 10:00:16;128;10;20;12
2021-01-11 10:00:38;128;10;20;10
2021-01-11 10:01:13;148;5;14;10
2021-01-11 10:01:30;141;8;17;10
2021-01-11 10:01:52;141;8;17;10
2021-01-11 10:02:20;141;8;17;10
2021-01-11 10:02:35;141;9;14;10
2021-01-11 10:03:12;141;9;14;10
2021-01-11 10:03:21;161;10;17;10
2021-01-11 10:03:41;161;10;17;10
2021-01-11 10:03:58;143;5;16;8
2021-01-11 10:04:43;139;8;13;8
2021-01-11 10:05:08;154;9;13;10
2021-01-11 10:05:48;167;8;13;8
2021-01-11 10:06:24;167;8;13;8
2021-01-11 10:06:40;135;6;13;9
2021-01-11 10:07:07;135;6;13;9
2021-01-11 10:07:41;135;6;13;9
2021-01-11 10:08:02;189;7;11;8
2021-01-11 10:08:29;191;8;12;8
2021-01-11 10:09:04;191;8;12;8
2021-01-11 10:09:39;182;4;12;7
2021-01-11 10:10:24;179;6;10;3
2021-01-11 10:10:55;179;7;12;3
2021-01-11 10:11:33;179;7;12;3
2021-01-11 10:12:07;192;7;10;7
2021-01-11 10:12:31;176;7;11;7
2021-01-11 10:13:08;199;7;9;7
2021-01-11 10:13:26;158;9;12;7
2021-01-11 10:13:55;175;8;12;6
2021-01-11 10:14:42;177;8;15;8
2021-01-11 10:15:25;154;8;15;9
2021-01-11 10:15:59;154;8;15;7
2021-01-11 10:16:21;116;7;16;10
2021-01-11 10:16:41;116;7;16;14
2021-01-11 10:17:05;108;7;19;14
2021-01-11 10:17:22;108;7;19;14
2021-01-11 10:17:56;108;12;19;11
2021-01-11 10:18:06;128;10;15;10
2021-01-11 10:18:41;130;10;15;11
2021-01-11 10:18:54;170;11;15;12
2021-01-11 10:19:15;170;8;15;7
2021-01-11 10:19:43;167;9;13;7
2021-01-11 10:19:59;183;7;13;6
2021-01-11 10:22:08;196;6;12;5
2021-01-11 10:22:08;196;6;12;5
2021-01-11 10:22:17;191;6;12;5
2021-01-11 10:22:39;191;6;12;5
2021-01-11 10:22:55;191;6;12;5
2021-01-11 10:23:16;201;7;12;5
2021-01-11 10:23:41;214;8;10;7
2021-01-11 10:23:56;214;7;11;8
2021-01-11 10:24:34;158;7;11;8
2021-01-11 10:24:47;188;8;10;7
2021-01-11 10:25:10;188;8;10;7
2021-01-11 10:25:51;200;8;9;7
2021-01-11 10:26:25;200;8;9;7
2021-01-11 10:26:50;148;9;9;7
2021-01-11 10:27:10;172;8;14;9
2021-01-11 10:27:50;148;8;14;9
2021-01-11 10:28:23;148;8;15;9
2021-01-11 10:28:42;155;8;17;8
2021-01-11 10:29:12;171;8;13;9
2021-01-11 10:29:38;203;8;13;8
2021-01-11 10:29:56;203;8;12;7
2021-01-11 10:30:26;203;8;12;7
2021-01-11 10:30:38;163;9;13;8
2021-01-11 10:31:07;163;9;13;8
2021-01-11 10:31:23;191;8;11;7
2021-01-11 10:32:09;190;7;9;7
2021-01-11 10:32:50;168;9;14;8
2021-01-11 10:33:22;168;9;14;8
2021-01-11 10:33:33;196;6;11;8
2021-01-11 10:33:54;163;6;11;9
2021-01-11 10:34:11;163;6;11;9
2021-01-11 10:34:25;165;8;14;8
2021-01-11 10:34:47;165;8;14;8
2021-01-11 10:35:10;165;8;14;8
2021-01-11 10:35:29;176;9;11;7
2021-01-11 10:35:47;176;9;11;7
2021-01-11 10:36:08;128;9;11;7
2021-01-11 10:36:28;142;9;11;7
2021-01-11 10:36:57;127;9;18;10
2021-01-11 10:37:25;133;9;18;10
2021-01-11 10:37:39;174;7;14;9
2021-01-11 10:38:06;174;7;14;9
2021-01-11 10:38:28;150;10;15;10
2021-01-11 10:38:52;141;8;15;9
2021-01-11 10:39:29;159;8;13;4
2021-01-11 10:40:05;159;7;13;4
2021-01-11 10:40:27;164;8;14;8
2021-01-11 10:40:46;164;8;11;8
2021-01-11 10:40:59;151;9;16;8
2021-01-11 10:41:23;151;9;16;8
2021-01-11 10:41:40;156;6;12;8
2021-01-11 10:42:07;151;9;15;10
2021-01-11 10:42:39;151;10;15;9
2021-01-11 10:42:48;149;9;12;9
2021-01-11 10:43:16;149;9;16;9
2021-01-11 10:43:39;158;8;9;9
2021-01-11 10:44:18;175;9;12;9
2021-01-11 10:44:50;175;8;12;9
2021-01-11 10:45:14;180;8;12;8
2021-01-11 10:45:33;180;7;12;8
2021-01-11 10:46:14;157;8;13;10
2021-01-11 10:46:48;142;8;13;8
2021-01-11 10:47:05;171;8;13;8
2021-01-11 10:47:33;163;7;13;8
2021-01-11 10:48:37;194;6;15;9
2021-01-11 10:48:52;148;7;19;10
2021-01-11 10:49:29;148;7;14;10
2021-01-11 10:49:44;157;9;15;9
2021-01-11 10:50:06;158;9;20;10
2021-01-11 10:50:39;158;9;20;10
2021-01-11 10:50:49;129;13;15;9
2021-01-11 10:51:18;123;13;15;9
2021-01-11 10:51:37;129;10;16;11
2021-01-11 10:51:58;129;10;20;11
2021-01-11 10:52:24;146;12;17;12
2021-01-11 10:52:40;134;10;15;9
2021-01-11 10:53:24;189;7;11;6
2021-01-11 10:53:54;189;7;11;6
2021-01-11 10:54:14;171;8;13;7
2021-01-11 10:54:32;171;8;17;11
2021-01-11 10:54:59;146;8;17;11
2021-01-11 10:55:09;152;6;13;10
2021-01-11 10:55:45;152;6;13;10
2021-01-11 10:56:00;158;7;13;8
2021-01-11 10:56:28;143;4;15;3
2021-01-11 10:56:53;143;12;15;3
2021-01-11 10:57:16;136;12;14;13
2021-01-11 10:57:41;180;6;18;6
2021-01-11 10:58:07;180;6;18;8
2021-01-11 10:58:21;161;11;14;8
2021-01-11 10:58:45;161;11;14;8
2021-01-11 10:59:12;153;9;15;6
2021-01-11 10:59:44;148;7;15;9
2021-01-11 11:00:23;139;8;15;9
2021-01-11 11:01:00;139;8;15;9
2021-01-11 11:01:12;139;7;15;9
2021-01-11 11:01:32;150;7;15;9
2021-01-11 11:01:58;147;12;12;10
2021-01-11 11:02:38;155;6;14;9
2021-01-11 11:03:07;153;6;14;9
2021-01-11 11:03:26;167;6;16;6
2021-01-11 19:52:30;26;6;18;14
2021-01-11 19:52:39;25;6;12;8
2021-01-11 19:53:18;25;10;17;14
2021-01-11 19:53:43;25;10;17;23
2021-01-11 19:54:03;35;33;36;18
2021-01-11 19:54:38;35;33;36;18
2021-01-11 19:54:50;28;11;39;7
2021-01-11 19:55:12;24;11;34;7
2021-01-11 19:55:35;40;27;43;15
2021-01-11 19:56:04;40;27;33;15
2021-01-11 19:56:17;41;15;34;16
2021-01-11 19:56:43;41;15;25;16
2021-01-11 19:57:01;40;19;15;20
2021-01-11 19:57:23;30;19;15;20
2021-01-11 19:57:39;37;13;19;18
2021-01-11 19:58:04;35;47;19;18
2021-01-11 19:58:29;42;20;13;9
2021-01-11 19:58:53;49;37;21;27
2021-01-11 19:59:22;49;37;21;27
2021-01-11 19:59:36;50;8;9;9
2021-01-11 20:00:02;49;8;14;9
2021-01-11 20:00:16;49;23;21;19
2021-01-11 20:00:58;30;21;14;24
2021-01-11 20:01:30;30;21;11;24
2021-01-11 20:01:39;35;31;25;28
2021-01-11 20:02:10;35;31;25;28
2021-01-11 20:02:41;36;38;27;28
2021-01-11 20:03:25;36;38;27;28
2021-01-11 20:03:46;36;38;23;28
2021-01-11 20:04:03;42;28;23;28
2021-01-11 20:04:34;30;22;20;37
2021-01-11 20:04:50;30;22;20;37
2021-01-11 20:05:05;30;28;29;37
2021-01-11 20:05:35;30;28;29;37
2021-01-11 20:05:49;23;35;35;57
2021-01-11 20:06:18;26;35;35;21
2021-01-11 20:06:51;30;54;25;32
2021-01-11 20:07:12;30;54;25;29
2021-01-11 20:07:57;46;47;24;61
2021-01-11 20:09:07;33;47;23;61
2021-01-11 20:09:30;59;50;30;39
2021-01-11 20:09:55;59;50;30;39
2021-01-11 20:10:17;80;42;48;41
2021-01-11 20:10:43;80;42;48;44
2021-01-11 20:10:56;74;37;38;39
2021-01-11 20:11:26;74;37;38;39
2021-01-11 20:11:38;81;39;40;42
2021-01-11 20:12:00;82;39;40;42
2021-01-11 20:12:24;84;39;41;41
2021-01-11 20:12:57;84;39;41;41
2021-01-11 20:13:09;115;31;33;32
2021-01-11 20:13:35;131;28;29;29
2021-01-11 20:14:17;132;28;26;27
2021-01-11 20:14:50;132;28;28;27
2021-01-11 20:15:08;131;23;30;26
2021-01-11 20:15:32;131;23;30;26
2021-01-11 20:16:01;131;23;30;26
2021-01-11 20:16:13;139;24;27;29
2021-01-11 20:16:39;134;24;27;23
2021-01-11 20:17:11;133;24;27;23
2021-01-11 20:17:21;145;23;23;26
2021-01-11 20:17:49;145;23;23;26
2021-01-11 20:17:59;132;21;28;24
2021-01-11 20:18:31;156;25;24;26
2021-01-11 20:19:14;126;25;34;25
2021-01-11 20:20:05;129;31;31;31
2021-01-11 20:20:39;129;31;31;31
2021-01-11 20:21:07;127;30;37;33
2021-01-11 20:21:29;115;48;40;47
2021-01-11 20:22:07;115;48;40;44
2021-01-11 20:22:18;123;46;38;43
2021-01-11 20:22:49;123;46;38;43
2021-01-11 20:23:04;117;49;41;46
2021-01-11 20:23:24;117;49;44;46
2021-01-11 20:23:48;121;46;42;44
2021-01-11 20:24:09;121;46;42;44
2021-01-11 20:24:56;115;49;34;42
2021-01-11 20:25:33;115;46;45;42
2021-01-11 20:26:18;107;49;42;47
2021-01-11 20:26:54;107;49;42;47
2021-01-11 20:27:03;92;42;44;51
2021-01-11 20:27:34;92;42;40;51
2021-01-11 20:27:45;87;39;40;38
2021-01-11 20:28:23;91;44;42;44
2021-01-11 20:28:58;91;43;43;44
2021-01-11 20:29:42;76;44;49;44
2021-01-11 20:30:26;83;50;46;43
2021-01-11 20:30:54;83;50;46;43
2021-01-11 20:31:16;81;49;40;49
2021-01-11 20:31:50;75;49;50;49
2021-01-11 20:32:09;85;43;45;48
2021-01-11 20:32:32;85;43;41;48
2021-01-11 20:32:47;90;38;35;48
2021-01-11 20:33:11;84;38;35;41
2021-01-11 20:33:33;80;31;40;33
2021-01-11 20:33:54;80;31;40;26
2021-01-11 20:34:19;66;31;40;22
2021-01-11 20:34:35;66;31;40;21
2021-01-11 20:35:07;73;31;40;21
2021-01-11 20:35:20;86;26;32;26
2021-01-11 20:35:50;86;26;36;26
2021-01-11 20:36:00;89;26;32;26
2021-01-11 20:36:41;89;32;34;28
2021-01-11 20:37:10;94;32;34;28
2021-01-11 20:37:19;98;25;33;25
2021-01-11 20:37:54;105;25;29;25
2021-01-11 20:38:07;96;29;31;29
2021-01-11 20:38:35;101;27;31;29
2021-01-11 20:38:57;105;30;31;30
2021-01-11 20:39:13;105;31;29;23
2021-01-11 20:39:32;118;22;29;24
2021-01-11 20:39:49;118;25;25;25
2021-01-11 20:40:10;117;21;25;25
2021-01-11 20:40:33;117;21;25;25
2021-01-11 20:41:15;117;24;27;24
2021-01-11 20:41:48;124;23;27;24
2021-01-11 20:41:58;118;23;25;22
2021-01-11 20:42:30;118;23;25;22
2021-01-11 20:42:48;125;22;28;22
2021-01-11 20:43:11;125;22;28;25
2021-01-11 20:43:40;126;22;28;25
2021-01-11 20:43:52;135;24;29;24
2021-01-11 20:44:24;123;24;30;24
2021-01-11 20:44:35;136;24;29;25
2021-01-11 20:45:13;143;22;28;23
2021-01-11 20:45:41;138;25;28;23
2021-01-11 20:45:54;138;25;31;24
2021-01-11 20:46:14;138;25;32;24
2021-01-11 20:46:37;132;26;27;26
2021-01-11 20:46:56;132;26;27;25
2021-01-11 20:47:38;118;32;37;32
2021-01-11 20:48:14;118;32;37;32
2021-01-11 20:48:24;117;35;37;32
2021-01-11 20:48:54;117;35;37;32
2021-01-11 20:49:12;120;36;36;32
2021-01-11 20:49:36;120;36;36;32
2021-01-11 20:49:55;120;35;36;32
2021-01-11 20:50:18;120;35;36;32
2021-01-11 20:51:01;124;34;31;36
2021-01-11 20:51:31;123;34;31;36
2021-01-11 20:51:41;115;35;36;35
2021-01-11 20:52:25;115;35;36;33
2021-01-11 20:52:42;115;35;34;33
2021-01-11 20:53:03;115;35;35;33
2021-01-11 20:53:20;116;31;32;30
2021-01-11 20:54:20;116;34;36;30
2021-01-11 20:54:44;104;33;36;30
2021-01-11 20:55:05;106;30;36;30
2021-01-11 20:55:23;117;25;32;24
2021-01-11 20:56:01;112;30;32;26
2021-01-11 20:56:29;112;30;32;26
2021-01-11 20:56:40;112;29;32;29
2021-01-11 20:57:12;112;29;32;29
2021-01-11 20:57:33;112;29;32;29
2021-01-11 20:57:55;112;29;32;29
2021-01-11 20:58:11;87;26;30;29
2021-01-11 20:58:41;91;14;17;15
2021-01-11 20:59:05;91;14;17;15
2021-01-11 20:59:25;97;14;15;14
2021-01-11 20:59:47;97;14;15;14
2021-01-11 21:00:07;94;13;15;14
2021-01-11 21:00:27;94;13;15;15
2021-01-11 21:00:47;98;14;15;13
2021-01-11 21:01:09;92;15;15;16
2021-01-11 21:01:44;92;15;16;16
2021-01-11 21:01:54;99;15;15;14
2021-01-11 21:02:26;99;15;15;14
2021-01-11 21:02:45;96;15;17;13
2021-01-11 21:03:40;96;15;15;13
2021-01-11 21:03:59;93;16;16;16
2021-01-11 21:04:30;93;16;16;14
2021-01-11 21:04:41;91;16;17;16
2021-01-11 21:04:56;97;16;17;15
2021-01-11 21:05:20;94;14;17;16
2021-01-11 21:05:54;94;14;17;16
2021-01-11 21:06:13;69;16;21;19
2021-01-11 21:06:42;68;16;19;18
2021-01-11 21:07:24;67;18;21;18
2021-01-11 21:07:57;67;18;21;18
2021-01-11 21:08:21;70;16;14;17
2021-01-11 21:08:45;70;16;14;17
2021-01-11 21:08:59;80;18;20;17
2021-01-11 21:09:36;77;18;15;17
2021-01-11 21:10:31;75;17;19;19
2021-01-11 21:10:52;71;20;19;19
2021-01-11 21:11:12;71;17;15;19
2021-01-11 21:11:40;73;17;20;16
2021-01-11 21:12:15;71;17;20;16
2021-01-11 21:12:30;81;18;19;16
2021-01-11 21:12:57;81;18;18;16
2021-01-11 21:13:19;80;19;18;16
2021-01-11 21:14:05;70;19;18;16
2021-01-11 21:14:23;93;16;13;14
2021-01-11 21:14:43;93;16;13;14
2021-01-11 21:15:23;98;16;13;15
2021-01-11 21:15:44;98;16;13;15
2021-01-11 21:16:04;98;16;13;15
2021-01-11 21:16:30;91;12;16;15
2021-01-11 21:16:52;91;12;16;15
2021-01-11 21:17:12;80;18;17;17
2021-01-11 21:17:41;80;18;17;17
2021-01-11 21:18:19;58;21;17;17
2021-01-11 21:18:39;69;17;17;18
2021-01-11 21:19:17;69;18;21;16
2021-01-11 21:19:53;69;18;21;16
2021-01-11 21:20:05;65;21;22;20
2021-01-11 21:20:35;65;21;22;20
2021-01-11 21:20:46;115;12;12;12
2021-01-11 21:21:13;109;12;12;11
2021-01-11 21:21:38;110;12;13;11
2021-01-11 21:22:05;108;12;10;13
2021-01-11 21:22:44;115;12;12;12
2021-01-11 21:23:26;92;15;14;15
2021-01-11 21:23:45;87;15;14;16
2021-01-11 21:24:05;88;14;13;15
2021-01-11 21:24:45;88;13;13;14
2021-01-11 21:25:13;88;13;15;14
2021-01-11 21:25:32;89;14;15;14
2021-01-11 21:25:57;91;14;15;14
2021-01-11 21:26:20;88;15;15;15
2021-01-11 21:26:44;88;15;15;15
2021-01-11 21:27:00;88;14;16;15
2021-01-11 21:27:45;92;15;17;14
2021-01-11 21:28:27;71;14;15;17
2021-01-11 21:28:44;71;14;15;17
2021-01-11 21:29:01;71;20;15;20
2021-01-11 21:29:23;68;18;23;20
2021-01-11 21:29:42;68;18;22;20
2021-01-11 21:29:58;58;19;22;20
2021-01-11 21:30:23;68;18;22;19
2021-01-11 21:30:52;68;18;22;19
2021-01-11 21:31:02;71;21;22;17
2021-01-11 21:31:31;71;21;22;17
2021-01-11 21:31:41;65;20;22;16
2021-01-11 21:32:16;65;21;22;21
2021-01-11 21:32:56;65;21;21;17
2021-01-11 21:33:21;71;21;21;17
2021-01-11 21:33:36;65;17;21;18
2021-01-11 21:34:23;71;20;20;21
2021-01-11 21:35:03;80;22;24;21
2021-01-11 21:35:35;80;22;23;21
2021-01-11 21:35:45;100;30;33;30
2021-01-11 21:36:02;89;26;33;30
2021-01-11 21:36:22;95;26;33;31
2021-01-11 21:36:40;100;26;33;31
2021-01-11 21:37:22;100;26;33;25
2021-01-11 21:37:42;100;24;33;25
2021-01-11 21:38:08;126;24;29;25
2021-01-11 21:38:24;126;24;29;25
2021-01-11 21:38:38;124;24;29;25
2021-01-11 21:39:02;124;24;29;25
2021-01-11 21:39:16;132;20;25;21
2021-01-11 21:39:43;132;20;25;21
2021-01-11 21:40:15;131;20;25;21
2021-01-11 21:40:34;132;24;28;24
2021-01-11 21:41:08;136;25;28;22
2021-01-11 21:41:39;136;25;28;23
2021-01-11 21:41:56;139;23;28;26
2021-01-11 21:42:27;142;25;29;25
2021-01-11 21:43:26;136;22;29;25
2021-01-11 21:43:46;144;24;29;25
2021-01-11 21:43:58;143;23;28;23
2021-01-11 21:44:23;143;23;28;23
2021-01-11 21:44:56;143;25;28;23
2021-01-11 21:45:09;147;24;29;24
2021-01-11 21:45:49;141;26;29;25
2021-01-11 21:46:08;141;26;31;25
2021-01-11 21:46:28;141;28;31;25
2021-01-11 21:46:46;141;31;29;30
2021-01-11 21:47:12;137;32;35;32
2021-01-11 21:47:29;137;32;35;32
2021-01-11 21:47:50;137;32;35;32
2021-01-11 21:48:12;137;32;35;32
2021-01-11 21:48:31;137;32;34;32
2021-01-11 21:48:53;139;32;34;35
2021-01-11 21:49:17;107;44;40;44
2021-01-11 21:49:55;107;44;39;44
2021-01-11 21:50:04;118;37;41;42
2021-01-11 21:50:37;118;43;41;42
2021-01-11 21:50:48;113;38;37;37
2021-01-11 21:51:13;113;38;37;37
2021-01-11 21:51:28;113;36;41;36
2021-01-11 21:51:52;99;36;42;36
2021-01-11 21:52:07;105;37;38;35
2021-01-11 21:52:34;101;40;38;35
2021-01-11 21:52:54;96;38;41;35
2021-01-11 21:53:23;96;38;41;34
2021-01-11 21:53:36;95;39;41;39
2021-01-11 21:54:26;101;33;40;36
2021-01-11 21:54:53;101;33;40;36
2021-01-11 21:55:04;99;33;41;34
2021-01-11 21:55:31;99;33;42;34
2021-01-11 21:55:45;99;33;37;33
2021-01-11 21:56:14;99;33;37;33
2021-01-11 21:56:42;92;37;40;38
2021-01-11 21:57:13;108;37;40;38
2021-01-11 21:57:21;114;29;31;30
2021-01-11 21:57:39;114;29;33;30
2021-01-11 21:58:00;114;29;33;30
2021-01-11 21:58:21;116;29;33;30
2021-01-11 21:58:46;104;19;22;17
2021-01-11 21:59:18;95;19;22;17
2021-01-11 21:59:34;94;15;16;14
2021-01-11 21:59:55;94;15;16;17
2021-01-11 22:00:20;104;15;16;17
2021-01-11 22:00:44;114;20;23;20
2021-01-11 22:01:25;118;24;25;20
2021-01-11 22:01:55;112;24;26;20
2021-01-11 22:02:06;119;21;25;19
2021-01-11 22:02:33;119;21;25;23
2021-01-11 22:02:56;121;25;25;22
2021-01-11 22:03:18;116;25;29;23
2021-01-11 22:03:50;116;25;28;23
2021-01-11 22:03:59;119;23;29;24
2021-01-11 22:04:36;116;25;28;24
2021-01-11 22:05:23;121;24;28;25
2021-01-11 22:05:54;121;24;28;25
2021-01-11 22:06:22;122;23;28;22
2021-01-11 22:06:45;122;23;25;22
2021-01-11 22:07:14;122;23;25;22
2021-01-11 22:07:28;107;29;36;28
2021-01-11 22:07:58;95;31;35;33
2021-01-11 22:08:39;107;29;36;33
2021-01-11 22:10:45;121;35;37;32
2021-01-11 22:11:16;121;35;37;32
2021-01-11 22:11:25;122;37;32;33
2021-01-11 22:12:05;121;37;39;34
2021-01-11 22:12:18;120;36;39;36
2021-01-11 22:12:43;120;36;39;36
2021-01-11 22:13:25;125;33;35;37
2021-01-11 22:13:49;125;33;35;37
2021-01-11 22:14:04;125;38;39;39
2021-01-11 22:14:30;125;38;39;39
2021-01-11 22:14:48;126;33;36;35
2021-01-11 22:15:15;126;33;36;35
2021-01-11 22:15:35;134;28;34;28
2021-01-11 22:16:03;134;28;34;28
2021-01-11 22:16:16;129;27;31;27
2021-01-11 22:17:09;127;27;31;27
2021-01-11 22:17:23;131;26;31;26
2021-01-11 22:18:02;135;25;29;25
2021-01-11 22:19:17;122;25;29;25
2021-01-11 22:19:27;126;26;29;27
2021-01-11 22:20:02;123;28;31;26
2021-01-11 22:20:45;123;27;30;25
2021-01-11 22:21:16;123;27;30;25
2021-01-11 22:21:48;118;28;32;30
2021-01-11 22:22:09;128;25;32;30
2021-01-11 22:22:39;128;25;32;30
2021-01-11 22:22:49;93;15;16;16
2021-01-11 22:23:20;93;13;16;16
2021-01-11 22:23:40;89;15;17;14
2021-01-11 22:24:08;94;12;15;14
2021-01-11 22:24:25;89;12;15;14
2021-01-11 22:24:50;93;15;17;14
2021-01-11 22:25:16;93;15;17;14
2021-01-11 22:25:25;101;13;15;13
2021-01-11 22:25:46;101;13;15;13
2021-01-11 22:26:04;72;13;15;20
2021-01-11 22:26:10;72;13;15;20
2021-01-11 22:26:21;72;13;15;20
2021-01-11 22:26:44;72;13;15;20
2021-01-11 22:27:00;72;13;24;20
2021-01-11 22:27:23;72;13;21;20
2021-01-11 22:27:41;72;20;20;21
2021-01-11 22:28:13;74;21;19;22
2021-01-11 22:29:13;69;21;22;22
2021-01-11 22:29:31;70;20;24;21
2021-01-11 22:30:06;70;20;24;21
2021-01-11 22:30:31;74;18;20;16
2021-01-11 22:31:06;78;19;23;17
2021-01-11 22:31:37;78;19;23;17
2021-01-11 22:31:49;73;20;24;18
2021-01-11 22:32:32;71;22;23;20
2021-01-11 22:33:03;71;22;21;20
2021-01-11 22:33:12;77;21;21;21
2021-01-11 22:34:02;98;15;15;22
2021-01-11 22:34:36;95;14;16;16
2021-01-11 22:35:06;95;14;16;16
2021-01-11 22:35:24;104;14;16;16
2021-01-11 22:35:45;104;14;16;16
2021-01-11 22:36:20;104;14;16;16
2021-01-11 22:36:36;97;15;17;15
2021-01-11 22:36:55;97;15;15;15
2021-01-11 22:37:41;90;15;17;16
2021-01-11 22:38:16;90;15;17;16
2021-01-11 22:38:29;90;15;18;15
2021-01-11 22:38:54;90;15;18;15
2021-01-11 22:39:05;93;14;17;13
2021-01-11 22:39:35;93;14;17;13
2021-01-11 22:39:49;95;14;18;14
2021-01-11 22:40:12;95;14;17;14
2021-01-11 22:40:37;95;14;17;14
2021-01-11 22:40:53;95;14;18;17
2021-01-11 22:41:20;95;14;18;17
2021-01-11 22:41:36;95;14;17;14
2021-01-11 22:42:21;95;17;18;14
2021-01-11 22:42:51;95;17;18;14
2021-01-11 22:43:09;97;17;18;14
2021-01-11 22:43:32;97;17;18;14
2021-01-11 22:43:58;95;16;18;14
2021-01-11 22:44:12;89;16;17;17
2021-01-11 22:44:58;89;23;22;22
2021-01-11 22:45:16;89;23;22;22
2021-01-11 22:46:44;89;23;22;18
2021-01-11 22:47:18;70;19;22;19
2021-01-11 22:47:44;76;18;21;18
2021-01-11 22:48:05;76;18;21;18
2021-01-11 22:48:28;70;22;21;18
2021-01-11 22:49:02;70;22;21;18
2021-01-11 22:49:12;69;21;23;19
2021-01-11 22:49:49;62;22;24;20
2021-01-11 22:50:21;62;22;24;20
2021-01-11 22:50:32;69;18;23;21
2021-01-11 22:50:54;75;18;23;19
2021-01-11 22:51:15;75;21;19;19
2021-01-11 22:51:32;75;23;24;20
2021-01-11 22:51:59;75;19;24;20
2021-01-11 22:52:16;74;19;25;21
2021-01-11 22:52:36;74;19;25;21
2021-01-11 22:53:01;89;14;17;21
2021-01-11 22:53:20;97;14;17;21
2021-01-11 22:53:33;90;16;17;16
2021-01-11 22:53:56;90;16;17;16
2021-01-11 22:54:16;92;16;17;16
2021-01-11 22:54:40;96;18;18;16
2021-01-11 22:54:56;91;18;18;19
2021-01-11 22:55:17;91;18;18;16
2021-01-11 22:55:35;92;15;15;17
2021-01-11 22:55:58;92;15;15;17
2021-01-11 22:56:15;100;15;16;18
2021-01-11 22:56:41;100;15;16;18
2021-01-11 22:57:01;90;17;16;18
2021-01-11 22:57:23;90;17;16;18
2021-01-11 22:57:46;90;15;16;18
2021-01-11 22:58:05;90;16;17;15
2021-01-11 22:58:23;90;17;17;15
